{"cameraMode":{"drawMode":0,"name":"Shaded","section":"Shading Mode"},"sceneLighting":true,"audioPlay":false,"sceneViewState":{"showFog":false,"showMaterialUpdate":false,"showSkybox":false,"showFlares":false,"showImageEffects":false,"showParticleSystems":true},"in2DMode":false,"pivot":{"x":-1.429032564163208,"y":14.128257751464844,"z":3.2481536865234377},"rotation":{"x":-0.12448589503765106,"y":-0.00238354061730206,"z":0.00030448599136434495,"w":-0.9922184944152832},"size":22.87181282043457,"orthographic":false}