{"cameraMode":{"drawMode":0,"name":"Shaded","section":"Shading Mode"},"sceneLighting":false,"audioPlay":false,"sceneViewState":{"showFog":false,"showMaterialUpdate":false,"showSkybox":false,"showFlares":false,"showImageEffects":false,"showParticleSystems":true},"in2DMode":false,"pivot":{"x":2.490081787109375,"y":-0.2760467529296875,"z":163.6978759765625},"rotation":{"x":-0.12448589503765106,"y":-0.00238354061730206,"z":0.00030448599136434495,"w":-0.9922184944152832},"size":1470.29638671875,"orthographic":false}