{"cameraMode":{"drawMode":0,"name":"Shaded","section":"Shading Mode"},"sceneLighting":true,"audioPlay":false,"sceneViewState":{"showFog":false,"showMaterialUpdate":false,"showSkybox":false,"showFlares":false,"showImageEffects":false,"showParticleSystems":true},"in2DMode":false,"pivot":{"x":1.5909479856491089,"y":-0.40787842869758608,"z":0.7287161350250244},"rotation":{"x":0.34045183658599856,"y":0.001410096068866551,"z":-0.0005106586031615734,"w":0.9402607679367065},"size":26.582664489746095,"orthographic":false}