{"cameraMode":{"drawMode":0,"name":"Shaded","section":"Shading Mode"},"sceneLighting":true,"audioPlay":false,"sceneViewState":{"showFog":false,"showMaterialUpdate":false,"showSkybox":false,"showFlares":false,"showImageEffects":false,"showParticleSystems":true},"in2DMode":false,"pivot":{"x":0.18117572367191316,"y":1.0407872200012208,"z":13.308528900146485},"rotation":{"x":-0.33197638392448428,"y":-0.0014148501213639975,"z":0.0004977862699888647,"w":-0.9432865977287293},"size":37.70671844482422,"orthographic":true}