{"cameraMode":{"drawMode":0,"name":"Shaded","section":"Shading Mode"},"sceneLighting":true,"audioPlay":false,"sceneViewState":{"showFog":false,"showMaterialUpdate":false,"showSkybox":false,"showFlares":false,"showImageEffects":false,"showParticleSystems":true},"in2DMode":false,"pivot":{"x":3.3433804512023927,"y":1.0747718811035157,"z":3.5908145904541017},"rotation":{"x":0.018386362120509149,"y":0.853919267654419,"z":-0.030240032821893693,"w":0.5192008018493652},"size":6.366945743560791,"orthographic":true}